{"cameraMode":{"drawMode":0,"name":"Shaded","section":"Shading Mode"},"sceneLighting":true,"audioPlay":false,"sceneViewState":{"showFog":true,"showMaterialUpdate":true,"showSkybox":true,"showFlares":true,"showImageEffects":true,"showParticleSystems":true},"in2DMode":false,"pivot":{"x":19.48600959777832,"y":6.216174125671387,"z":-45.051658630371097},"rotation":{"x":0.19664491713047028,"y":-0.024998994544148446,"z":0.005015519447624683,"w":0.9801440238952637},"size":10.002038955688477,"orthographic":false}